service_name,provider,category,owner_email,billing_email,plan_tier,seats,unit_cost_usd,billing_cycle,start_date,renewal_date,status,mfa_method,admin_url,notes
T-Mobile Business Internet Advanced,T-Mobile,Connectivity,admin@superstarscontracting.com,subscriptions@superstarscontracting.com,Business Advanced,1,50.00,monthly,2026-04-XX,2026-05-XX,active,sms,https://my.t-mobile.com,Lifetime price lock. Primary connectivity for workstation. SMS MFA only — limitation of T-Mobile's account portal.
Google Workspace Business Standard,Google,Productivity,admin@superstarscontracting.com,subscriptions@superstarscontracting.com,Business Standard,2,14.00,monthly,PENDING,PENDING,pending_auth,yubikey,https://admin.google.com,Foundational. Holds all email + Drive + Docs. Pending Arun authorization. Will hold admin@ as super-admin + arun@ as backup super-admin.
1Password Business,1Password,Security,admin@superstarscontracting.com,subscriptions@superstarscontracting.com,Business,1,104.39,annual,2026-05-16,2027-05-30,active,yubikey,https://my.1password.com,Annual billing — $104.39/year (includes NYC sales tax on $95.88 base = $7.99/seat/month annual rate). First payment date: 2026-05-30 (after 14-day trial conversion). Currently 1 seat for admin@. Plan to add seats for amit@ and arun@ when their accounts are created. Corporate card on file. Effective monthly burn: ~$8.70.
ThinkStation P3 Tower,Lenovo,Hardware,admin@superstarscontracting.com,subscriptions@superstarscontracting.com,Custom 24-core / 128GB / RTX 4000 Ada / 2TB NVMe,1,6300.00,one_time,2026-XX-XX,N/A,active,n/a,https://support.lenovo.com,One-time purchase. Premier Support Plus 3-year warranty. Workstation device for admin role. Tracked here for asset visibility.
CyberPower CP1500PFCLCD UPS,CyberPower,Hardware,admin@superstarscontracting.com,subscriptions@superstarscontracting.com,1500VA / 1000W,1,200.00,one_time,2026-XX-XX,N/A,active,n/a,N/A,One-time. Battery backup for workstation + monitors + T-Mobile gateway. Replace batteries ~year 3.
ThinkVision T27UD-40 (x2),Lenovo,Hardware,admin@superstarscontracting.com,subscriptions@superstarscontracting.com,27-inch 4K USB-C,2,400.00,one_time,2026-XX-XX,N/A,active,n/a,N/A,One-time. Workstation dual-monitor setup. DisplayPort to RTX 4000 Ada GPU.
YubiKey 5C NFC (admin role pair),Yubico,Security,admin@superstarscontracting.com,subscriptions@superstarscontracting.com,5C NFC,2,50.00,one_time,2026-XX-XX,N/A,active,n/a,N/A,One-time. Primary + backup for admin@. Phishing-resistant 2FA hardware. Additional pairs needed later for amit@ and arun@.
GitHub Free,GitHub,Development,admin@superstarscontracting.com,subscriptions@superstarscontracting.com,Free,1,0.00,monthly,2026-05-16,N/A,active,yubikey,https://github.com,Personal account 'ssc-admin' + 'superstars-contracting' Organization (free plan). Private 'dashboard' repository for code. Both YubiKeys enrolled directly as security keys. Recovery codes saved (1Password + paper in safe). TOTP removed to prevent passkey conflict. Free tier covers everything until 3+ active developers need formal branch protection / code review workflows (then upgrade to Team at $4/user/mo, ~$12/mo).
Render Cloud Hosting,Render,Hosting,admin@superstarscontracting.com,subscriptions@superstarscontracting.com,Pro workspace (flat) + web service STANDARD 2GB/1CPU + 5GB disk + Postgres Basic-256MB/1GB autoscale,1,58.55,monthly,2026-07-30,2026-08-XX,active,on (see 1Password),https://dashboard.render.com,estimated — true-up against first Render invoice (est: 25.00 workspace + 25.00 standard instance + 1.25 disk + ~7.30 db). Hosts app.superstarscontracting.com dashboard (M5).
